{
  "mode": "hardware_result",
  "job_id": "d93ppd6vtlqs73ftdu5g",
  "backend": "ibm_marrakesh",
  "populations": [
    [
      0.992919921875,
      0.992919921875,
      0.99395751953125
    ],
    [
      0.97467041015625,
      0.6385498046875,
      0.36285400390625
    ],
    [
      0.96197509765625,
      0.4117431640625,
      0.1654052734375
    ],
    [
      0.95501708984375,
      0.30865478515625,
      0.09210205078125
    ],
    [
      0.94305419921875,
      0.23333740234375,
      0.0858154296875
    ],
    [
      0.92864990234375,
      0.2064208984375,
      0.0811767578125
    ],
    [
      0.91839599609375,
      0.1646728515625,
      0.0804443359375
    ],
    [
      0.90899658203125,
      0.193603515625,
      0.079345703125
    ],
    [
      0.89959716796875,
      0.19293212890625,
      0.085693359375
    ],
    [
      0.88800048828125,
      0.19146728515625,
      0.0867919921875
    ],
    [
      0.878173828125,
      0.13800048828125,
      0.0738525390625
    ],
    [
      0.86834716796875,
      0.196044921875,
      0.09112548828125
    ],
    [
      0.85955810546875,
      0.1978759765625,
      0.0902099609375
    ]
  ],
  "combined_bend_report": {
    "fixed": {
      "rate1": 0.3116594060607605,
      "weights": [
        0.384598847573248,
        0.08261560639121145,
        0.7246715970486493
      ],
      "rms": 0.009200577410428781
    },
    "free": {
      "rate1": 0.45978102169543755,
      "rate2": 0.903015309688273,
      "ratio": 1.9640117079178558,
      "weights": [
        0.38656932161029467,
        0.18925688152410616,
        0.6162160268497279
      ],
      "rms": 0.009182888119024159
    },
    "bend_target": 2.709511291351455,
    "bend_bias": -0.7454995834335991,
    "bend_bias_rel": -0.2751417149702142,
    "on_bend": false,
    "template_ok": true,
    "is_kernel_relaxation": false
  },
  "per_mode_bend": 1.9428208942116927,
  "floor_retention_final": 0.85955810546875
}
