{
  "firewall": "search targets, not claims",
  "kernel_frozen": true,
  "search_targets": {
    "FRB05_baryon": {
      "adb84d": {
        "source": "Localized FRBs (ApJ adb84d, full DM budget)",
        "n": 36,
        "omega_b_fit": 0.048323070683806264,
        "omega_b_err": 0.007249241694059468,
        "omega_b_tfpt": 0.048940662665450115,
        "omega_b_planck": 0.0493,
        "tension_tfpt_sigma": 0.08519401169227782,
        "c_baryon": 0.9963775670837225,
        "note": "Omega_b(FRB) = 0.0483 +/- 0.0072 (syst-dominated; stat 0.0001); TFPT 0.0489 at 0.1 sigma; Planck 0.0493 at 0.1 sigma"
      },
      "sharma2024": {
        "source": "Localized FRBs (Sharma+2024, DM_exc - host prior)",
        "n": 117,
        "omega_b_fit": 0.06629052923253374,
        "omega_b_err": 0.010310187411597274,
        "omega_b_tfpt": 0.048940662665450115,
        "omega_b_planck": 0.0493,
        "tension_tfpt_sigma": 1.6827886705112525,
        "c_baryon": 0.2427097837858865,
        "note": "Omega_b(FRB) = 0.0663 +/- 0.0103 (syst-dominated; stat 0.0027); TFPT 0.0489 at 1.7 sigma; Planck 0.0493 at 1.6 sigma"
      }
    },
    "FRB03_activity_windows": {
      "per_source": {
        "matches": [
          {
            "name": "FRB 20180916B",
            "period_d": 16.35,
            "w_broad_over_p": 0.3058103975535168,
            "broad_target": 0.2962962962962963,
            "broad_rel_err": 0.032110091743119254,
            "w_core_over_p": 0.03669724770642201,
            "core_target": 0.037037037037037035,
            "core_rel_err": 0.009174311926605581,
            "reference": "CHIME/FRB Collab. 2020 (Nature 582, 351; arXiv:2001.10275): P=16.35+/-0.15 d, ~5 d activity window, ~50% within ~0.6 d"
          },
          {
            "name": "FRB 20121102A",
            "period_d": 157.0,
            "w_broad_over_p": 0.5286624203821656,
            "broad_target": 0.2962962962962963,
            "broad_rel_err": 0.784235668789809,
            "w_core_over_p": NaN,
            "core_target": 0.037037037037037035,
            "core_rel_err": NaN,
            "reference": "Rajwade et al. 2020 (MNRAS 495, 3551): P~157 d, active duty cycle ~53% (=> W_broad ~ 0.53 P); no well-defined narrow core window"
          }
        ],
        "c_window": 0.662044041905026,
        "note": "2 periodic repeaters; 1 match W_broad/P~8/27 within 5%. n is too small for a population claim -- a candidate match, not evidence."
      },
      "population": {
        "n_sources": 2,
        "per_source": [
          {
            "name": "FRB 20180916B",
            "broad_ratio": 0.3058103975535168,
            "broad_ratio_err": 0.06122639431901619,
            "broad_rel_err": 0.032110091743119254,
            "core_ratio": 0.03669724770642201,
            "core_rel_err": 0.009174311926605581
          },
          {
            "name": "FRB 20121102A",
            "broad_ratio": 0.5286624203821656,
            "broad_ratio_err": 0.0984060383233353,
            "broad_rel_err": 0.784235668789809,
            "core_ratio": NaN,
            "core_rel_err": NaN
          }
        ],
        "median_broad_rel_err": 0.40817288026646414,
        "n_broad_within_tol": 1,
        "n_core_within_tol": 1,
        "leave_one_out_stable": false,
        "null_p": 0.11157768446310738,
        "enough_sources": false,
        "verdict": "candidate only: 1/2 broad matches but n=2 < 5 required periodic repeaters",
        "c_window_population": 0.0
      }
    },
    "FRB02_echo_ratio": {
      "source": "FRB 20121102A (FAST, Li+2021, 1652 bursts)",
      "n_bursts": 1652,
      "n_pairs": 1611,
      "n_sessions": 41,
      "targets": {
        "lambda2_energy": {
          "ratio": 0.0877914951989026,
          "enrichment": 0.7466865783087548,
          "p": 0.9800099950024987,
          "q": 1.0
        },
        "lambda2_energy^-1": {
          "ratio": 11.390625,
          "enrichment": 0.6761404040521793,
          "p": 0.9945027486256871,
          "q": 1.0
        },
        "lambda3_energy": {
          "ratio": 0.0013717421124828531,
          "enrichment": 0.0,
          "p": 1.0,
          "q": 1.0
        },
        "lambda3_energy^-1": {
          "ratio": 729.0,
          "enrichment": 0.0,
          "p": 1.0,
          "q": 1.0
        },
        "sqrt_lambda2_amp": {
          "ratio": 0.2962962962962963,
          "enrichment": 1.2460132226179295,
          "p": 0.00399800099950025,
          "q": 0.047976011994003
        },
        "sqrt_lambda2_amp^-1": {
          "ratio": 3.375,
          "enrichment": 0.9312027414608708,
          "p": 0.8020989505247377,
          "q": 1.0
        },
        "sqrt_lambda3_amp": {
          "ratio": 0.037037037037037035,
          "enrichment": 0.5359954440387257,
          "p": 0.9870064967516242,
          "q": 1.0
        },
        "sqrt_lambda3_amp^-1": {
          "ratio": 27.0,
          "enrichment": 0.6087456457776725,
          "p": 0.9685157421289355,
          "q": 1.0
        },
        "two_thirds_sub": {
          "ratio": 0.6666666666666666,
          "enrichment": 1.032251821057534,
          "p": 0.2913543228385807,
          "q": 1.0
        },
        "two_thirds_sub^-1": {
          "ratio": 1.5,
          "enrichment": 0.9521081530312138,
          "p": 0.8225887056471765,
          "q": 1.0
        },
        "one_third_sub": {
          "ratio": 0.3333333333333333,
          "enrichment": 1.1588800194497346,
          "p": 0.026986506746626688,
          "q": 0.16191904047976013
        },
        "one_third_sub^-1": {
          "ratio": 3.0,
          "enrichment": 0.915076080883008,
          "p": 0.879560219890055,
          "q": 1.0
        }
      },
      "c_echo": 0.040479760119940145,
      "verdict": "support: ['sqrt_lambda2_amp']"
    },
    "FRB04_markov_spectrum": {
      "pa": {
        "source": "FRB 20240114A (FAST pol, 6131 bursts)",
        "channel": "pa",
        "available": false,
        "n": 0,
        "eigs": [],
        "kernel": [
          0.0877914951989026,
          0.0013717421124828531
        ],
        "distance": NaN,
        "ci_contains_kernel": false,
        "null_p": NaN,
        "c_markov": 0.0,
        "note": "data-limited: no repeater PA/RM sequence loaded"
      },
      "rm": {
        "source": "FRB 20240114A (FAST pol, 6131 bursts)",
        "channel": "rm",
        "available": false,
        "n": 0,
        "eigs": [],
        "kernel": [
          0.0877914951989026,
          0.0013717421124828531
        ],
        "distance": NaN,
        "ci_contains_kernel": false,
        "null_p": NaN,
        "c_markov": 0.0,
        "note": "data-limited: no repeater PA/RM sequence loaded"
      }
    },
    "FRB01_dispersion": {
      "available": false,
      "a_tfpt": NaN,
      "a_tfpt_err": NaN,
      "consistent_with_zero": true,
      "note": "raw_data_required: per-burst sub-band (nu, t) timing not available in catalogue data"
    }
  },
  "generic": {
    "fast_spacing_ladder": {
      "n": 1652,
      "best_k": 3,
      "centers_log10": [
        37.626534118817354,
        37.75012109336353,
        38.5197227929994
      ],
      "adjacent_spacings_dex": [
        0.1235869745461784,
        0.7696016996358708
      ],
      "best_candidate": "(3/2)^3=27/8",
      "best_candidate_dex": 0.5282737771670437,
      "match_rel_err": 0.7660550648397992,
      "p_value": 0.0024937655860349127,
      "c_ladder": 0.0,
      "verdict": "3 clusters but no uniform kernel spacing (closest (3/2)^3=27/8 at 77%)"
    },
    "fast_energy_cluster": {
      "source": "FRB20121102A FAST",
      "lognormal": {
        "n": 1652,
        "mu": 37.96739224141244,
        "sigma": 0.4901925095517201,
        "ks_stat": 0.12630527153187288,
        "ks_pvalue": 1.9697093467111743e-23
      },
      "gmm": {
        "best_k": 3,
        "delta_bic": 315.22334093183736,